ad_id,age,gender,percentage
2447656412147213,65+,male,0.070588
2447656412147213,18-24,female,0.070588
2447656412147213,45-54,male,0.164706
2447656412147213,55-64,male,0.094118
2447656412147213,25-34,male,0.105882
2447656412147213,65+,female,0.058824
2447656412147213,45-54,female,0.047059
2447656412147213,18-24,male,0.047059
2447656412147213,35-44,female,0.035294
2447656412147213,35-44,male,0.129412
2447656412147213,25-34,female,0.035294
2447656412147213,55-64,unknown,0.011765
2447656412147213,55-64,female,0.117647
2447656412147213,18-24,unknown,0.011765
504011960185034,65+,female,0.0625
504011960185034,65+,male,0.25
504011960185034,35-44,male,0.0625
504011960185034,18-24,female,0.0625
504011960185034,25-34,male,0.125
504011960185034,45-54,male,0.25
504011960185034,18-24,male,0.0625
504011960185034,35-44,female,0.0625
504011960185034,55-64,female,0.0625
451472782165789,25-34,male,0.034091
451472782165789,55-64,female,0.125
451472782165789,65+,female,0.159091
451472782165789,55-64,male,0.193182
451472782165789,35-44,female,0.079545
451472782165789,45-54,female,0.079545
451472782165789,35-44,unknown,0.011364
451472782165789,18-24,female,0.045455
451472782165789,65+,male,0.102273
451472782165789,35-44,male,0.079545
451472782165789,25-34,female,0.022727
451472782165789,45-54,male,0.045455
451472782165789,18-24,male,0.011364
451472782165789,45-54,unknown,0.011364
1195626670825315,65+,male,0.125
1195626670825315,45-54,male,0.125
1195626670825315,65+,female,0.166667
1195626670825315,55-64,female,0.083333
1195626670825315,18-24,male,0.041667
1195626670825315,45-54,female,0.041667
1195626670825315,25-34,male,0.083333
1195626670825315,35-44,female,0.125
1195626670825315,55-64,male,0.166667
1195626670825315,35-44,male,0.041667
410161679656695,55-64,male,0.060606
410161679656695,45-54,male,0.151515
410161679656695,45-54,female,0.212121
410161679656695,35-44,female,0.090909
410161679656695,35-44,male,0.151515
410161679656695,25-34,female,0.060606
410161679656695,65+,male,0.030303
410161679656695,65+,female,0.090909
410161679656695,55-64,female,0.151515
2411303709136253,45-54,female,0.25
2411303709136253,55-64,male,0.25
2411303709136253,65+,unknown,0.25
2411303709136253,45-54,male,0.25
480425839230301,55-64,female,0.192771
480425839230301,45-54,female,0.072289
480425839230301,35-44,female,0.072289
480425839230301,45-54,male,0.13253
480425839230301,45-54,unknown,0.012048
480425839230301,65+,male,0.120482
480425839230301,35-44,male,0.096386
480425839230301,65+,female,0.156627
480425839230301,35-44,unknown,0.012048
480425839230301,55-64,male,0.072289
480425839230301,25-34,male,0.024096
480425839230301,25-34,female,0.024096
480425839230301,18-24,male,0.012048
2437405709841830,25-34,unknown,0.090909
2437405709841830,35-44,male,0.090909
2437405709841830,65+,male,0.272727
2437405709841830,55-64,male,0.181818
2437405709841830,45-54,female,0.181818
2437405709841830,55-64,female,0.181818
555014955249588,45-54,male,0.117647
555014955249588,55-64,female,0.117647
555014955249588,65+,male,0.058824
555014955249588,35-44,female,0.205882
555014955249588,35-44,male,0.117647
555014955249588,25-34,female,0.088235
555014955249588,45-54,female,0.058824
555014955249588,35-44,unknown,0.029412
555014955249588,25-34,male,0.029412
555014955249588,65+,female,0.029412
555014955249588,18-24,female,0.029412
555014955249588,55-64,male,0.117647
614648039071965,18-24,male,0.078534
614648039071965,55-64,female,0.063874
614648039071965,55-64,unknown,0.000349
614648039071965,35-44,unknown,0.001047
614648039071965,25-34,unknown,0.000349
614648039071965,45-54,unknown,0.001745
614648039071965,35-44,female,0.02164
614648039071965,45-54,female,0.032112
614648039071965,35-44,male,0.084468
614648039071965,65+,unknown,0.001396
614648039071965,25-34,female,0.027574
614648039071965,18-24,female,0.019546
614648039071965,65+,female,0.115532
614648039071965,55-64,male,0.172775
614648039071965,65+,male,0.154276
614648039071965,25-34,male,0.092147
614648039071965,45-54,male,0.132286
614648039071965,18-24,unknown,0.000349
590852851455717,55-64,male,0.144343
590852851455717,65+,male,0.106422
590852851455717,35-44,male,0.142508
590852851455717,65+,unknown,0.00367
590852851455717,45-54,male,0.166361
590852851455717,25-34,male,0.09419
590852851455717,55-64,female,0.098471
590852851455717,65+,female,0.120489
590852851455717,45-54,female,0.056269
590852851455717,35-44,female,0.039755
590852851455717,25-34,female,0.023242
590852851455717,45-54,unknown,0.001835
590852851455717,35-44,unknown,0.001835
590852851455717,55-64,unknown,0.000612
2474979132738399,65+,male,0.230088
2474979132738399,55-64,female,0.123894
2474979132738399,55-64,male,0.274336
2474979132738399,65+,female,0.097345
2474979132738399,45-54,male,0.150442
2474979132738399,35-44,male,0.035398
2474979132738399,25-34,male,0.035398
2474979132738399,45-54,female,0.035398
2474979132738399,35-44,female,0.00885
2474979132738399,25-34,female,0.00885
862799254118430,45-54,male,0.142415
862799254118430,55-64,female,0.044892
862799254118430,18-24,unknown,0.006192
862799254118430,45-54,unknown,0.003096
862799254118430,65+,unknown,0.006966
862799254118430,35-44,unknown,0.010062
862799254118430,18-24,female,0.020124
862799254118430,18-24,male,0.041796
862799254118430,25-34,unknown,0.013932
862799254118430,35-44,female,0.075077
862799254118430,45-54,female,0.05031
862799254118430,65+,female,0.037152
862799254118430,25-34,female,0.060372
862799254118430,25-34,male,0.171827
862799254118430,35-44,male,0.178793
862799254118430,55-64,male,0.068885
862799254118430,65+,male,0.065789
862799254118430,55-64,unknown,0.002322
2478600938913503,25-34,male,0.066258
2478600938913503,35-44,male,0.104294
2478600938913503,65+,unknown,0.008589
2478600938913503,35-44,unknown,0.007362
2478600938913503,45-54,unknown,0.007362
2478600938913503,25-34,unknown,0.011043
2478600938913503,55-64,unknown,0.002454
2478600938913503,25-34,female,0.072393
2478600938913503,65+,female,0.079755
2478600938913503,35-44,female,0.080982
2478600938913503,18-24,female,0.014724
2478600938913503,45-54,female,0.120245
2478600938913503,45-54,male,0.134969
2478600938913503,55-64,female,0.088344
2478600938913503,65+,male,0.077301
2478600938913503,55-64,male,0.111656
2478600938913503,18-24,male,0.011043
2478600938913503,18-24,unknown,0.001227
531071691004459,25-34,male,0.120419
531071691004459,45-54,male,0.128272
531071691004459,55-64,unknown,0.002618
531071691004459,25-34,unknown,0.007853
531071691004459,45-54,unknown,0.007853
531071691004459,18-24,female,0.018325
531071691004459,35-44,unknown,0.015707
531071691004459,25-34,female,0.099476
531071691004459,35-44,male,0.128272
531071691004459,45-54,female,0.102094
531071691004459,18-24,male,0.026178
531071691004459,65+,male,0.031414
531071691004459,55-64,male,0.081152
531071691004459,55-64,female,0.068063
531071691004459,35-44,female,0.096859
531071691004459,65+,female,0.062827
531071691004459,65+,unknown,0.002618
400649450812662,25-34,male,0.151617
400649450812662,35-44,male,0.184796
400649450812662,65+,unknown,0.00504
400649450812662,55-64,unknown,0.0021
400649450812662,18-24,unknown,0.0063
400649450812662,25-34,unknown,0.0189
400649450812662,35-44,unknown,0.01344
400649450812662,18-24,female,0.01848
400649450812662,65+,male,0.048299
400649450812662,55-64,male,0.073919
400649450812662,65+,female,0.034019
400649450812662,55-64,female,0.041999
400649450812662,25-34,female,0.076438
400649450812662,45-54,female,0.059219
400649450812662,18-24,male,0.036119
400649450812662,35-44,female,0.083578
400649450812662,45-54,male,0.141117
400649450812662,45-54,unknown,0.00462
2547650861981566,45-54,female,0.125417
2547650861981566,45-54,male,0.187458
2547650861981566,25-34,male,0.102735
2547650861981566,55-64,female,0.104736
2547650861981566,35-44,female,0.093396
2547650861981566,25-34,female,0.064043
2547650861981566,55-64,male,0.112075
2547650861981566,35-44,unknown,0.014009
2547650861981566,45-54,unknown,0.007338
2547650861981566,35-44,male,0.156104
2547650861981566,25-34,unknown,0.014009
2547650861981566,18-24,male,0.008672
2547650861981566,18-24,female,0.003336
2547650861981566,55-64,unknown,0.005337
2547650861981566,18-24,unknown,0.001334
2123870167922076,45-54,female,0.168
2123870167922076,55-64,male,0.1824
2123870167922076,55-64,female,0.1696
2123870167922076,45-54,male,0.1808
2123870167922076,35-44,female,0.064
2123870167922076,25-34,female,0.0432
2123870167922076,25-34,male,0.032
2123870167922076,35-44,male,0.1344
2123870167922076,45-54,unknown,0.0048
2123870167922076,25-34,unknown,0.0048
2123870167922076,55-64,unknown,0.0112
2123870167922076,35-44,unknown,0.0048
779186619160997,25-34,male,0.164987
779186619160997,55-64,male,0.176658
779186619160997,45-54,male,0.183554
779186619160997,45-54,female,0.064721
779186619160997,25-34,female,0.05305
779186619160997,35-44,male,0.185146
779186619160997,45-54,unknown,0.004775
779186619160997,18-24,male,0.012732
779186619160997,35-44,female,0.058886
779186619160997,55-64,female,0.06313
779186619160997,35-44,unknown,0.006366
779186619160997,25-34,unknown,0.014324
779186619160997,18-24,female,0.007427
779186619160997,55-64,unknown,0.003714
779186619160997,18-24,unknown,0.000531
2436131549962662,45-54,female,0.080475
2436131549962662,18-24,male,0.006596
2436131549962662,35-44,male,0.189974
2436131549962662,55-64,male,0.154354
2436131549962662,25-34,female,0.044855
2436131549962662,45-54,male,0.236148
2436131549962662,55-64,female,0.084433
2436131549962662,35-44,female,0.076517
2436131549962662,25-34,male,0.098945
2436131549962662,18-24,female,0.005277
2436131549962662,55-64,unknown,0.003958
2436131549962662,45-54,unknown,0.003958
2436131549962662,35-44,unknown,0.006596
2436131549962662,25-34,unknown,0.007916
524351464790099,25-34,unknown,0.021854
524351464790099,25-34,female,0.126601
524351464790099,45-54,male,0.125094
524351464790099,55-64,female,0.047476
524351464790099,35-44,male,0.170309
524351464790099,25-34,male,0.199322
524351464790099,45-54,female,0.07159
524351464790099,18-24,male,0.013188
524351464790099,18-24,unknown,0.002638
524351464790099,35-44,unknown,0.019593
524351464790099,35-44,female,0.104748
524351464790099,55-64,male,0.069329
524351464790099,45-54,unknown,0.00942
524351464790099,18-24,female,0.015072
524351464790099,55-64,unknown,0.003768
1342599119243552,18-24,male,0.005634
1342599119243552,25-34,male,0.095775
1342599119243552,35-44,unknown,0.009859
1342599119243552,35-44,male,0.135211
1342599119243552,45-54,female,0.135211
1342599119243552,35-44,female,0.129577
1342599119243552,45-54,male,0.147887
1342599119243552,55-64,female,0.115493
1342599119243552,55-64,male,0.090141
1342599119243552,25-34,unknown,0.007042
1342599119243552,25-34,female,0.111268
1342599119243552,45-54,unknown,0.007042
1342599119243552,18-24,female,0.005634
1342599119243552,55-64,unknown,0.004225
1013224389008920,25-34,male,0.33046
1013224389008920,65+,male,0.057471
1013224389008920,45-54,male,0.051724
1013224389008920,35-44,male,0.109195
1013224389008920,18-24,male,0.152299
1013224389008920,25-34,unknown,0.025862
1013224389008920,45-54,female,0.028736
1013224389008920,65+,female,0.017241
1013224389008920,55-64,male,0.08046
1013224389008920,25-34,female,0.048851
1013224389008920,18-24,female,0.020115
1013224389008920,18-24,unknown,0.011494
1013224389008920,55-64,female,0.025862
1013224389008920,35-44,unknown,0.014368
1013224389008920,35-44,female,0.022989
1013224389008920,55-64,unknown,0.002874
1264733597059129,55-64,female,0.08
1264733597059129,45-54,female,0.0352
1264733597059129,55-64,unknown,0.0016
1264733597059129,45-54,unknown,0.0016
1264733597059129,18-24,unknown,0.0032
1264733597059129,18-24,female,0.0048
1264733597059129,25-34,unknown,0.0048
1264733597059129,65+,unknown,0.0048
1264733597059129,25-34,female,0.024
1264733597059129,65+,male,0.1856
1264733597059129,35-44,female,0.0416
1264733597059129,18-24,male,0.0304
1264733597059129,35-44,male,0.0976
1264733597059129,45-54,male,0.0752
1264733597059129,55-64,male,0.1232
1264733597059129,65+,female,0.1616
1264733597059129,25-34,male,0.1232
1264733597059129,35-44,unknown,0.0016
2646794165542146,35-44,female,0.047491
2646794165542146,35-44,unknown,0.00448
2646794165542146,18-24,unknown,0.00448
2646794165542146,65+,unknown,0.001792
2646794165542146,55-64,unknown,0.000896
2646794165542146,25-34,unknown,0.012545
2646794165542146,55-64,female,0.054659
2646794165542146,45-54,female,0.044803
2646794165542146,35-44,male,0.11828
2646794165542146,25-34,male,0.242832
2646794165542146,65+,female,0.060036
2646794165542146,25-34,female,0.053763
2646794165542146,55-64,male,0.075269
2646794165542146,18-24,male,0.086918
2646794165542146,45-54,male,0.087814
2646794165542146,65+,male,0.080645
2646794165542146,18-24,female,0.022401
2646794165542146,45-54,unknown,0.000896
812634395819020,18-24,female,0.027972
812634395819020,45-54,female,0.022727
812634395819020,55-64,unknown,0.005245
812634395819020,55-64,female,0.015734
812634395819020,65+,unknown,0.005245
812634395819020,25-34,unknown,0.019231
812634395819020,35-44,unknown,0.01049
812634395819020,65+,male,0.02972
812634395819020,18-24,unknown,0.008741
812634395819020,25-34,male,0.295455
812634395819020,45-54,male,0.055944
812634395819020,35-44,female,0.076923
812634395819020,18-24,male,0.050699
812634395819020,65+,female,0.019231
812634395819020,55-64,male,0.036713
812634395819020,25-34,female,0.160839
812634395819020,35-44,male,0.155594
812634395819020,45-54,unknown,0.003497
967724633613910,65+,male,0.106303
967724633613910,55-64,female,0.264346
967724633613910,45-54,male,0.032926
967724633613910,65+,female,0.379116
967724633613910,45-54,female,0.094073
967724633613910,18-24,female,0.002822
967724633613910,55-64,male,0.074318
967724633613910,35-44,female,0.022578
967724633613910,35-44,male,0.008467
967724633613910,65+,unknown,0.002822
967724633613910,25-34,female,0.009407
967724633613910,55-64,unknown,0.001881
967724633613910,18-24,male,0.000941
700495253774858,65+,female,0.326203
700495253774858,55-64,female,0.229947
700495253774858,45-54,female,0.112299
700495253774858,55-64,male,0.090909
700495253774858,45-54,male,0.069519
700495253774858,65+,male,0.090909
700495253774858,25-34,female,0.032086
700495253774858,35-44,female,0.016043
700495253774858,35-44,male,0.02139
700495253774858,65+,unknown,0.005348
700495253774858,25-34,male,0.005348
1014036272277548,35-44,male,0.240583
1014036272277548,55-64,male,0.024605
1014036272277548,25-34,unknown,0.002734
1014036272277548,18-24,unknown,0.000911
1014036272277548,55-64,female,0.016707
1014036272277548,45-54,unknown,0.001519
1014036272277548,65+,male,0.020352
1014036272277548,35-44,unknown,0.00486
1014036272277548,25-34,female,0.046173
1014036272277548,18-24,male,0.143378
1014036272277548,45-54,female,0.02582
1014036272277548,18-24,female,0.035844
1014036272277548,65+,female,0.006987
1014036272277548,25-34,male,0.27096
1014036272277548,35-44,female,0.058019
1014036272277548,45-54,male,0.099332
1014036272277548,65+,unknown,0.001215
1748400181962074,35-44,male,0.165913
1748400181962074,35-44,unknown,0.001508
1748400181962074,18-24,unknown,0.001508
1748400181962074,25-34,unknown,0.007541
1748400181962074,55-64,unknown,0.001508
1748400181962074,65+,unknown,0.004525
1748400181962074,55-64,male,0.045249
1748400181962074,55-64,female,0.025641
1748400181962074,18-24,female,0.033183
1748400181962074,45-54,male,0.07089
1748400181962074,45-54,female,0.033183
1748400181962074,25-34,male,0.257919
1748400181962074,35-44,female,0.042232
1748400181962074,25-34,female,0.057315
1748400181962074,65+,male,0.039216
1748400181962074,18-24,male,0.19457
1748400181962074,65+,female,0.016591
1748400181962074,45-54,unknown,0.001508
2384877151774766,18-24,male,0.252302
2384877151774766,18-24,female,0.058932
2384877151774766,18-24,unknown,0.009208
2384877151774766,25-34,unknown,0.003683
2384877151774766,55-64,female,0.005525
2384877151774766,65+,female,0.007366
2384877151774766,55-64,male,0.038674
2384877151774766,35-44,unknown,0.012891
2384877151774766,25-34,female,0.044199
2384877151774766,45-54,male,0.073665
2384877151774766,35-44,female,0.023941
2384877151774766,45-54,unknown,0.003683
2384877151774766,65+,male,0.023941
2384877151774766,45-54,female,0.023941
2384877151774766,35-44,male,0.171271
2384877151774766,25-34,male,0.244936
2384877151774766,55-64,unknown,0.001842
2529239317343203,35-44,female,0.044444
2529239317343203,65+,female,0.00915
2529239317343203,25-34,unknown,0.002614
2529239317343203,55-64,unknown,0.001307
2529239317343203,18-24,female,0.026144
2529239317343203,45-54,unknown,0.002614
2529239317343203,55-64,female,0.015686
2529239317343203,55-64,male,0.033987
2529239317343203,35-44,unknown,0.002614
2529239317343203,25-34,male,0.278431
2529239317343203,45-54,male,0.095425
2529239317343203,65+,unknown,0.005229
2529239317343203,45-54,female,0.028758
2529239317343203,65+,male,0.048366
2529239317343203,35-44,male,0.196078
2529239317343203,25-34,female,0.048366
2529239317343203,18-24,male,0.159477
2529239317343203,18-24,unknown,0.001307
547792885973196,65+,male,0.326203
547792885973196,55-64,male,0.334225
547792885973196,25-34,male,0.016043
547792885973196,65+,female,0.090909
547792885973196,55-64,unknown,0.002674
547792885973196,55-64,female,0.040107
547792885973196,35-44,male,0.026738
547792885973196,45-54,male,0.152406
547792885973196,45-54,female,0.002674
547792885973196,35-44,female,0.005348
547792885973196,45-54,unknown,0.002674
549916732471242,65+,male,0.163169
549916732471242,35-44,male,0.158828
549916732471242,55-64,male,0.267004
549916732471242,45-54,male,0.223227
549916732471242,55-64,female,0.027858
549916732471242,65+,female,0.041606
549916732471242,18-24,male,0.009407
549916732471242,45-54,female,0.009045
549916732471242,25-34,male,0.087192
549916732471242,18-24,female,0.000362
549916732471242,25-34,female,0.002533
549916732471242,35-44,female,0.005065
549916732471242,55-64,unknown,0.002533
549916732471242,35-44,unknown,0.001447
549916732471242,45-54,unknown,0.000362
549916732471242,65+,unknown,0.000362
1493695584103883,45-54,female,0.011716
1493695584103883,18-24,male,0.013605
1493695584103883,35-44,unknown,0.002268
1493695584103883,25-34,female,0.002268
1493695584103883,65+,unknown,0.001134
1493695584103883,18-24,female,0.000378
1493695584103883,55-64,unknown,0.000378
1493695584103883,45-54,unknown,0.001512
1493695584103883,25-34,male,0.111111
1493695584103883,55-64,male,0.232426
1493695584103883,55-64,female,0.024187
1493695584103883,65+,female,0.020408
1493695584103883,45-54,male,0.243764
1493695584103883,35-44,female,0.004913
1493695584103883,65+,male,0.129252
1493695584103883,35-44,male,0.200302
1493695584103883,25-34,unknown,0.000378
775276959562320,65+,male,0.144319
775276959562320,45-54,unknown,0.001261
775276959562320,35-44,unknown,0.000371
775276959562320,55-64,unknown,0.00089
775276959562320,25-34,female,0.000964
775276959562320,35-44,female,0.004746
775276959562320,18-24,male,0.00623
775276959562320,18-24,female,0.000222
775276959562320,25-34,unknown,7.4E-5
775276959562320,35-44,male,0.148324
775276959562320,65+,female,0.030777
775276959562320,45-54,female,0.010605
775276959562320,55-64,female,0.027366
775276959562320,25-34,male,0.060516
775276959562320,45-54,male,0.266983
775276959562320,55-64,male,0.295832
775276959562320,65+,unknown,0.000519
486270815575356,55-64,unknown,0.013699
486270815575356,45-54,female,0.013699
486270815575356,25-34,unknown,0.013699
486270815575356,25-34,female,0.054795
486270815575356,65+,female,0.082192
486270815575356,45-54,male,0.178082
486270815575356,25-34,male,0.109589
486270815575356,55-64,male,0.109589
486270815575356,65+,male,0.191781
486270815575356,18-24,male,0.068493
486270815575356,35-44,male,0.082192
486270815575356,35-44,female,0.027397
486270815575356,55-64,female,0.041096
486270815575356,18-24,female,0.013699
1453600701457305,18-24,male,0.006993
1453600701457305,55-64,female,0.097902
1453600701457305,65+,male,0.293706
1453600701457305,45-54,female,0.034965
1453600701457305,65+,female,0.146853
1453600701457305,35-44,male,0.076923
1453600701457305,25-34,female,0.041958
1453600701457305,55-64,male,0.118881
1453600701457305,45-54,male,0.111888
1453600701457305,35-44,female,0.034965
1453600701457305,25-34,male,0.034965
2558077461145410,18-24,male,0.005988
2558077461145410,65+,female,0.131737
2558077461145410,65+,male,0.227545
2558077461145410,25-34,male,0.107784
2558077461145410,45-54,male,0.047904
2558077461145410,55-64,male,0.155689
2558077461145410,55-64,female,0.095808
2558077461145410,25-34,female,0.083832
2558077461145410,45-54,female,0.023952
2558077461145410,35-44,female,0.02994
2558077461145410,35-44,unknown,0.005988
2558077461145410,25-34,unknown,0.011976
2558077461145410,35-44,male,0.041916
2558077461145410,65+,unknown,0.011976
2558077461145410,18-24,female,0.017964
390708678499560,18-24,male,0.006849
390708678499560,25-34,female,0.034247
390708678499560,25-34,unknown,0.006849
390708678499560,25-34,male,0.10274
390708678499560,45-54,male,0.068493
390708678499560,35-44,male,0.123288
390708678499560,55-64,male,0.178082
390708678499560,55-64,female,0.054795
390708678499560,65+,male,0.253425
390708678499560,65+,female,0.123288
390708678499560,45-54,female,0.013699
390708678499560,35-44,female,0.027397
390708678499560,55-64,unknown,0.006849
415061709398242,65+,unknown,0.004926
415061709398242,65+,female,0.197044
415061709398242,55-64,female,0.103448
415061709398242,65+,male,0.29064
415061709398242,45-54,female,0.078818
415061709398242,55-64,male,0.221675
415061709398242,45-54,male,0.093596
415061709398242,55-64,unknown,0.009852
543238046243157,65+,male,0.324895
543238046243157,65+,female,0.198312
543238046243157,45-54,male,0.067511
543238046243157,55-64,male,0.181435
543238046243157,35-44,male,0.054852
543238046243157,25-34,male,0.054852
543238046243157,55-64,female,0.084388
543238046243157,18-24,male,0.008439
543238046243157,45-54,female,0.012658
543238046243157,35-44,female,0.008439
543238046243157,25-34,female,0.004219
742891806182584,18-24,male,0.008696
742891806182584,25-34,female,0.008696
742891806182584,35-44,unknown,0.008696
742891806182584,18-24,female,0.008696
742891806182584,18-24,unknown,0.008696
742891806182584,25-34,male,0.069565
742891806182584,55-64,male,0.147826
742891806182584,35-44,male,0.069565
742891806182584,65+,male,0.304348
742891806182584,55-64,female,0.095652
742891806182584,65+,unknown,0.034783
742891806182584,55-64,unknown,0.017391
742891806182584,45-54,male,0.043478
742891806182584,65+,female,0.147826
742891806182584,45-54,female,0.026087
2125146294458328,18-24,female,0.017544
2125146294458328,65+,female,0.140351
2125146294458328,65+,male,0.140351
2125146294458328,35-44,male,0.114035
2125146294458328,35-44,female,0.052632
2125146294458328,55-64,male,0.149123
2125146294458328,18-24,male,0.026316
2125146294458328,25-34,male,0.122807
2125146294458328,45-54,male,0.096491
2125146294458328,55-64,female,0.078947
2125146294458328,35-44,unknown,0.008772
2125146294458328,25-34,female,0.052632
2584757838249028,65+,unknown,0.007143
2584757838249028,65+,male,0.3
2584757838249028,55-64,male,0.178571
2584757838249028,55-64,female,0.071429
2584757838249028,25-34,female,0.028571
2584757838249028,45-54,male,0.085714
2584757838249028,18-24,female,0.007143
2584757838249028,35-44,male,0.085714
2584757838249028,65+,female,0.064286
2584757838249028,25-34,male,0.107143
2584757838249028,45-54,female,0.035714
2584757838249028,35-44,female,0.021429
2584757838249028,18-24,unknown,0.007143
539384566631638,65+,female,0.184397
539384566631638,65+,male,0.312057
539384566631638,55-64,male,0.148936
539384566631638,45-54,female,0.042553
539384566631638,35-44,female,0.021277
539384566631638,25-34,male,0.049645
539384566631638,18-24,male,0.014184
539384566631638,35-44,male,0.078014
539384566631638,55-64,female,0.070922
539384566631638,45-54,male,0.06383
539384566631638,25-34,female,0.014184
513497872532381,45-54,unknown,0.006452
513497872532381,65+,male,0.309677
513497872532381,25-34,female,0.006452
513497872532381,35-44,unknown,0.006452
513497872532381,55-64,male,0.180645
513497872532381,35-44,female,0.025806
513497872532381,65+,female,0.187097
513497872532381,45-54,female,0.051613
513497872532381,45-54,male,0.070968
513497872532381,35-44,male,0.045161
513497872532381,55-64,unknown,0.006452
513497872532381,55-64,female,0.045161
513497872532381,65+,unknown,0.006452
513497872532381,25-34,male,0.03871
513497872532381,18-24,male,0.006452
513497872532381,25-34,unknown,0.006452
520467561846177,35-44,unknown,0.004966
520467561846177,18-24,male,0.015518
520467561846177,18-24,female,0.005587
520467561846177,45-54,unknown,0.004345
520467561846177,65+,unknown,0.005587
520467561846177,18-24,unknown,0.000621
520467561846177,25-34,female,0.027933
520467561846177,35-44,female,0.023588
520467561846177,45-54,female,0.028554
520467561846177,55-64,unknown,0.002483
520467561846177,55-64,female,0.062694
520467561846177,45-54,male,0.109249
520467561846177,25-34,male,0.091868
520467561846177,55-64,male,0.150217
520467561846177,35-44,male,0.111111
520467561846177,65+,female,0.12725
520467561846177,65+,male,0.225326
520467561846177,25-34,unknown,0.003104
925013057874793,35-44,male,0.030151
925013057874793,55-64,female,0.090452
925013057874793,55-64,male,0.198492
925013057874793,65+,female,0.150754
925013057874793,45-54,male,0.082915
925013057874793,65+,male,0.324121
925013057874793,45-54,female,0.020101
925013057874793,35-44,female,0.020101
925013057874793,45-54,unknown,0.005025
925013057874793,65+,unknown,0.020101
925013057874793,25-34,unknown,0.005025
925013057874793,35-44,unknown,0.01005
925013057874793,25-34,male,0.030151
925013057874793,18-24,female,0.005025
925013057874793,18-24,male,0.002513
925013057874793,25-34,female,0.005025
1165182003688535,35-44,female,0.037879
1165182003688535,65+,female,0.253788
1165182003688535,55-64,male,0.140152
1165182003688535,65+,male,0.242424
1165182003688535,45-54,female,0.045455
1165182003688535,25-34,female,0.011364
1165182003688535,55-64,female,0.079545
1165182003688535,45-54,male,0.079545
1165182003688535,18-24,female,0.003788
1165182003688535,65+,unknown,0.011364
1165182003688535,25-34,male,0.041667
1165182003688535,35-44,male,0.045455
1165182003688535,55-64,unknown,0.007576
2457408107869559,45-54,female,0.043478
2457408107869559,65+,male,0.144928
2457408107869559,65+,female,0.144928
2457408107869559,18-24,male,0.014493
2457408107869559,25-34,female,0.101449
2457408107869559,25-34,male,0.057971
2457408107869559,55-64,female,0.144928
2457408107869559,45-54,male,0.101449
2457408107869559,55-64,male,0.086957
2457408107869559,35-44,female,0.086957
2457408107869559,35-44,male,0.072464
2571364739572957,45-54,female,0.015385
2571364739572957,55-64,unknown,0.007692
2571364739572957,45-54,male,0.084615
2571364739572957,55-64,male,0.153846
2571364739572957,65+,male,0.215385
2571364739572957,55-64,female,0.115385
2571364739572957,65+,female,0.207692
2571364739572957,35-44,male,0.053846
2571364739572957,35-44,unknown,0.007692
2571364739572957,35-44,female,0.061538
2571364739572957,25-34,male,0.030769
2571364739572957,18-24,male,0.023077
2571364739572957,25-34,female,0.023077
2868057283213192,65+,female,0.325301
2868057283213192,55-64,male,0.168675
2868057283213192,65+,male,0.325301
2868057283213192,45-54,male,0.036145
2868057283213192,55-64,female,0.096386
2868057283213192,45-54,female,0.024096
2868057283213192,65+,unknown,0.012048
2868057283213192,55-64,unknown,0.012048
2778626902167869,35-44,female,0.010417
2778626902167869,65+,female,0.229167
2778626902167869,55-64,male,0.145833
2778626902167869,65+,male,0.25
2778626902167869,18-24,male,0.041667
2778626902167869,45-54,female,0.072917
2778626902167869,25-34,male,0.0625
2778626902167869,35-44,male,0.072917
2778626902167869,45-54,male,0.03125
2778626902167869,55-64,female,0.083333
474534953409452,55-64,male,0.257209
474534953409452,45-54,male,0.215649
474534953409452,35-44,male,0.184478
474534953409452,65+,male,0.174088
474534953409452,25-34,male,0.168575
711222742715737,45-54,unknown,0.000698
711222742715737,55-64,male,0.259716
711222742715737,25-34,male,0.08727
711222742715737,65+,male,0.209914
711222742715737,55-64,female,0.028392
711222742715737,35-44,female,0.012334
711222742715737,35-44,male,0.085641
711222742715737,25-34,female,0.051199
711222742715737,45-54,male,0.197812
711222742715737,45-54,female,0.012334
711222742715737,65+,female,0.048406
711222742715737,55-64,unknown,0.002793
711222742715737,65+,unknown,0.001164
711222742715737,35-44,unknown,0.002094
711222742715737,25-34,unknown,0.000233
464055534317932,18-24,unknown,0.000226
464055534317932,18-24,male,0.037087
464055534317932,65+,unknown,0.000226
464055534317932,45-54,unknown,0.001809
464055534317932,25-34,unknown,0.000678
464055534317932,55-64,unknown,0.000905
464055534317932,55-64,male,0.058797
464055534317932,18-24,female,0.086612
464055534317932,45-54,male,0.078245
464055534317932,25-34,female,0.1237
464055534317932,65+,female,0.087065
464055534317932,25-34,male,0.063094
464055534317932,35-44,male,0.058571
464055534317932,65+,male,0.043193
464055534317932,55-64,female,0.102442
464055534317932,35-44,female,0.120081
464055534317932,45-54,female,0.136364
464055534317932,35-44,unknown,0.000905
521855758375235,55-64,unknown,0.00163
521855758375235,18-24,female,0.131399
521855758375235,45-54,unknown,0.00163
521855758375235,25-34,unknown,0.001956
521855758375235,65+,male,0.044995
521855758375235,35-44,male,0.052494
521855758375235,45-54,male,0.066188
521855758375235,65+,female,0.085425
521855758375235,55-64,female,0.102054
521855758375235,35-44,unknown,0.001304
521855758375235,25-34,female,0.111836
521855758375235,55-64,male,0.059341
521855758375235,18-24,male,0.042387
521855758375235,45-54,female,0.122921
521855758375235,35-44,female,0.108575
521855758375235,25-34,male,0.064884
521855758375235,18-24,unknown,0.000978
415142029386040,25-34,male,0.163636
415142029386040,55-64,female,0.054545
415142029386040,18-24,male,0.181818
415142029386040,35-44,male,0.090909
415142029386040,25-34,female,0.145455
415142029386040,18-24,female,0.218182
415142029386040,25-34,unknown,0.018182
415142029386040,45-54,female,0.018182
415142029386040,35-44,female,0.072727
415142029386040,55-64,male,0.036364
1184599138403213,45-54,male,0.088316
1184599138403213,45-54,female,0.027976
1184599138403213,35-44,unknown,0.000549
1184599138403213,18-24,unknown,0.001783
1184599138403213,65+,unknown,0.001509
1184599138403213,25-34,unknown,0.002194
1184599138403213,45-54,unknown,0.001371
1184599138403213,65+,female,0.033461
1184599138403213,55-64,female,0.03881
1184599138403213,35-44,male,0.117663
1184599138403213,65+,male,0.063357
1184599138403213,35-44,female,0.055677
1184599138403213,18-24,male,0.082968
1184599138403213,18-24,female,0.148382
1184599138403213,25-34,female,0.093116
1184599138403213,55-64,male,0.092293
1184599138403213,25-34,male,0.149616
1184599138403213,55-64,unknown,0.00096
716384778875916,25-34,female,0.282923
716384778875916,18-24,male,0.094657
716384778875916,18-24,female,0.240492
716384778875916,25-34,male,0.154793
716384778875916,35-44,female,0.105343
716384778875916,35-44,male,0.065217
716384778875916,45-54,male,0.017915
716384778875916,45-54,female,0.031221
716384778875916,35-44,unknown,0.002619
716384778875916,25-34,unknown,0.002724
716384778875916,45-54,unknown,0.0011
716384778875916,18-24,unknown,0.000995
2519443384952515,35-44,male,0.089114
2519443384952515,55-64,female,0.063055
2519443384952515,45-54,unknown,0.000807
2519443384952515,55-64,unknown,0.000734
2519443384952515,65+,unknown,0.002055
2519443384952515,35-44,unknown,0.000881
2519443384952515,55-64,male,0.077736
2519443384952515,25-34,male,0.099905
2519443384952515,65+,male,0.06423
2519443384952515,45-54,female,0.03406
2519443384952515,35-44,female,0.057843
2519443384952515,25-34,female,0.093151
2519443384952515,18-24,unknown,0.002276
2519443384952515,45-54,male,0.067459
2519443384952515,65+,female,0.061
2519443384952515,18-24,female,0.175806
2519443384952515,18-24,male,0.108346
2519443384952515,25-34,unknown,0.001542
2292562207721350,18-24,unknown,0.005376
2292562207721350,65+,unknown,0.010753
2292562207721350,18-24,female,0.024194
2292562207721350,45-54,female,0.043011
2292562207721350,55-64,male,0.061828
2292562207721350,65+,male,0.123656
2292562207721350,55-64,female,0.091398
2292562207721350,25-34,unknown,0.010753
2292562207721350,45-54,male,0.064516
2292562207721350,35-44,unknown,0.002688
2292562207721350,25-34,female,0.072581
2292562207721350,25-34,male,0.16129
2292562207721350,35-44,female,0.056452
2292562207721350,35-44,male,0.112903
2292562207721350,18-24,male,0.043011
2292562207721350,65+,female,0.110215
2292562207721350,45-54,unknown,0.005376
940308853000979,65+,female,0.222672
940308853000979,18-24,female,0.008097
940308853000979,55-64,male,0.12753
940308853000979,65+,male,0.147773
940308853000979,55-64,female,0.151147
940308853000979,35-44,female,0.067476
940308853000979,45-54,male,0.072874
940308853000979,45-54,female,0.087045
940308853000979,35-44,male,0.053306
940308853000979,25-34,male,0.026316
940308853000979,25-34,female,0.019568
940308853000979,45-54,unknown,0.002024
940308853000979,55-64,unknown,0.002699
940308853000979,18-24,male,0.010121
940308853000979,35-44,unknown,0.000675
940308853000979,65+,unknown,0.000675
698685903971587,45-54,female,0.125
698685903971587,55-64,female,0.25
698685903971587,65+,female,0.1875
698685903971587,35-44,male,0.0625
698685903971587,55-64,male,0.375
446851099302451,55-64,female,0.416667
446851099302451,65+,female,0.5
446851099302451,45-54,female,0.083333
497700257627851,35-44,female,0.090909
497700257627851,65+,unknown,0.022727
497700257627851,18-24,female,0.045455
497700257627851,45-54,female,0.272727
497700257627851,25-34,female,0.045455
497700257627851,55-64,female,0.318182
497700257627851,65+,female,0.204545
974337239569095,35-44,male,0.117647
974337239569095,55-64,female,0.117647
974337239569095,45-54,male,0.176471
974337239569095,55-64,male,0.058824
974337239569095,65+,male,0.117647
974337239569095,65+,female,0.117647
974337239569095,35-44,female,0.058824
974337239569095,45-54,female,0.235294
2337779629885832,55-64,female,0.363636
2337779629885832,45-54,female,0.272727
2337779629885832,55-64,male,0.090909
2337779629885832,65+,female,0.272727
726215694520347,25-34,unknown,3.8E-5
726215694520347,18-24,male,0.002902
726215694520347,35-44,unknown,0.000153
726215694520347,45-54,unknown,0.000458
726215694520347,65+,unknown,0.0021
726215694520347,55-64,unknown,0.001871
726215694520347,18-24,female,0.001871
726215694520347,25-34,male,0.011644
726215694520347,25-34,female,0.007788
726215694520347,65+,female,0.229603
726215694520347,35-44,female,0.016226
726215694520347,45-54,male,0.090826
726215694520347,45-54,female,0.063872
726215694520347,55-64,male,0.194785
726215694520347,65+,male,0.178101
726215694520347,35-44,male,0.029397
726215694520347,55-64,female,0.168289
726215694520347,18-24,unknown,7.6E-5
625818437822938,55-64,male,0.175734
625818437822938,18-24,male,0.001749
625818437822938,35-44,unknown,0.0002
625818437822938,45-54,unknown,0.000547
625818437822938,65+,unknown,0.001986
625818437822938,18-24,female,0.001822
625818437822938,55-64,unknown,0.001531
625818437822938,35-44,female,0.012681
625818437822938,25-34,male,0.005867
625818437822938,65+,female,0.269077
625818437822938,35-44,male,0.019405
625818437822938,25-34,female,0.005357
625818437822938,55-64,female,0.199694
625818437822938,45-54,female,0.06368
625818437822938,45-54,male,0.075377
625818437822938,65+,male,0.165203
625818437822938,25-34,unknown,9.1E-5
432466034137293,25-34,unknown,5.7E-5
432466034137293,25-34,female,0.008089
432466034137293,45-54,unknown,0.000402
432466034137293,55-64,unknown,0.001033
432466034137293,35-44,unknown,0.000115
432466034137293,18-24,male,0.002237
432466034137293,18-24,female,0.003155
432466034137293,65+,unknown,0.002983
432466034137293,35-44,male,0.013252
432466034137293,65+,male,0.16115
432466034137293,35-44,female,0.010384
432466034137293,45-54,female,0.043658
432466034137293,55-64,male,0.119442
432466034137293,45-54,male,0.041535
432466034137293,25-34,male,0.005909
432466034137293,55-64,female,0.173886
432466034137293,65+,female,0.412656
432466034137293,18-24,unknown,5.7E-5
401295390550272,45-54,female,0.173723
401295390550272,55-64,female,0.137226
401295390550272,35-44,male,0.061314
401295390550272,35-44,female,0.175182
401295390550272,55-64,male,0.081752
401295390550272,65+,male,0.092701
401295390550272,65+,female,0.169343
401295390550272,45-54,male,0.083942
401295390550272,45-54,unknown,0.008029
401295390550272,65+,unknown,0.008759
401295390550272,35-44,unknown,0.005839
401295390550272,55-64,unknown,0.00219
2450213768401686,55-64,female,0.167589
2450213768401686,65+,female,0.17578
2450213768401686,35-44,male,0.042617
2450213768401686,45-54,female,0.162497
2450213768401686,55-64,male,0.099845
2450213768401686,65+,male,0.139362
2450213768401686,45-54,male,0.080363
2450213768401686,35-44,unknown,0.004649
2450213768401686,35-44,female,0.109033
2450213768401686,65+,unknown,0.007749
2450213768401686,55-64,unknown,0.005424
2450213768401686,45-54,unknown,0.005092
402313274032462,55-64,unknown,0.000287
402313274032462,65+,unknown,0.000216
402313274032462,35-44,female,0.122943
402313274032462,55-64,female,0.018682
402313274032462,35-44,male,0.143206
402313274032462,65+,male,0.015377
402313274032462,25-34,male,0.265
402313274032462,25-34,female,0.27549
402313274032462,45-54,female,0.05037
402313274032462,55-64,male,0.022419
402313274032462,45-54,male,0.065747
402313274032462,65+,female,0.015089
402313274032462,25-34,unknown,0.002084
402313274032462,35-44,unknown,0.002084
402313274032462,45-54,unknown,0.001006
2161863650784199,45-54,unknown,0.000381
2161863650784199,18-24,male,0.004884
2161863650784199,25-34,unknown,0.00019
2161863650784199,55-64,unknown,0.001395
2161863650784199,25-34,female,0.003742
2161863650784199,65+,unknown,0.001649
2161863650784199,35-44,unknown,0.000254
2161863650784199,18-24,female,0.00203
2161863650784199,35-44,female,0.009323
2161863650784199,55-64,female,0.11207
2161863650784199,35-44,male,0.053149
2161863650784199,45-54,female,0.03501
2161863650784199,65+,female,0.180757
2161863650784199,65+,male,0.178157
2161863650784199,25-34,male,0.023847
2161863650784199,55-64,male,0.235936
2161863650784199,45-54,male,0.157164
2161863650784199,18-24,unknown,6.3E-5
395638938005184,35-44,unknown,0.001046
395638938005184,65+,unknown,0.001569
395638938005184,65+,male,0.141189
395638938005184,65+,female,0.167683
395638938005184,55-64,male,0.182151
395638938005184,45-54,male,0.137005
395638938005184,25-34,male,0.009413
395638938005184,55-64,female,0.160711
395638938005184,45-54,female,0.107547
395638938005184,35-44,male,0.047412
395638938005184,35-44,female,0.033641
395638938005184,25-34,female,0.004532
395638938005184,55-64,unknown,0.00366
395638938005184,45-54,unknown,0.00244
2484371274992203,55-64,unknown,0.006579
2484371274992203,18-24,female,0.003289
2484371274992203,25-34,male,0.011513
2484371274992203,55-64,female,0.131579
2484371274992203,45-54,male,0.116776
2484371274992203,45-54,female,0.054276
2484371274992203,65+,male,0.235197
2484371274992203,65+,female,0.162829
2484371274992203,55-64,male,0.202303
2484371274992203,35-44,male,0.047697
2484371274992203,35-44,female,0.014803
2484371274992203,65+,unknown,0.003289
2484371274992203,25-34,female,0.009868
933774040335725,65+,female,0.141494
933774040335725,35-44,male,0.070663
933774040335725,25-34,unknown,0.000502
933774040335725,45-54,unknown,0.002009
933774040335725,65+,unknown,0.002009
933774040335725,35-44,unknown,0.001172
933774040335725,18-24,female,0.012391
933774040335725,55-64,unknown,0.002512
933774040335725,18-24,male,0.034997
933774040335725,55-64,female,0.136805
933774040335725,45-54,male,0.125084
933774040335725,55-64,male,0.141326
933774040335725,45-54,female,0.091594
933774040335725,25-34,female,0.023443
933774040335725,35-44,female,0.043871
933774040335725,65+,male,0.105827
933774040335725,25-34,male,0.064133
933774040335725,18-24,unknown,0.000167
2503507373255163,35-44,unknown,0.008333
2503507373255163,35-44,male,0.025
2503507373255163,45-54,unknown,0.008333
2503507373255163,65+,female,0.366667
2503507373255163,65+,male,0.183333
2503507373255163,45-54,male,0.1
2503507373255163,25-34,male,0.016667
2503507373255163,55-64,female,0.091667
2503507373255163,55-64,male,0.125
2503507373255163,65+,unknown,0.008333
2503507373255163,35-44,female,0.008333
2503507373255163,45-54,female,0.058333
456560958400100,25-34,male,0.010753
456560958400100,35-44,female,0.010753
456560958400100,18-24,female,0.005376
456560958400100,65+,female,0.27957
456560958400100,65+,male,0.172043
456560958400100,45-54,female,0.069892
456560958400100,55-64,female,0.198925
456560958400100,55-64,male,0.172043
456560958400100,35-44,male,0.005376
456560958400100,45-54,male,0.075269
1442761099207290,45-54,unknown,0.002344
1442761099207290,55-64,male,0.091406
1442761099207290,55-64,female,0.090625
1442761099207290,25-34,female,0.028125
1442761099207290,65+,female,0.145313
1442761099207290,25-34,male,0.119531
1442761099207290,45-54,male,0.116406
1442761099207290,45-54,female,0.065625
1442761099207290,18-24,male,0.044531
1442761099207290,35-44,female,0.049219
1442761099207290,65+,male,0.111719
1442761099207290,35-44,male,0.11875
1442761099207290,35-44,unknown,0.002344
1442761099207290,18-24,female,0.010938
1442761099207290,65+,unknown,0.002344
1442761099207290,25-34,unknown,0.000781
2488518991370447,35-44,male,0.165405
2488518991370447,55-64,female,0.033066
2488518991370447,35-44,unknown,0.005099
2488518991370447,55-64,unknown,0.002249
2488518991370447,18-24,unknown,0.002399
2488518991370447,65+,unknown,0.002099
2488518991370447,35-44,female,0.062158
2488518991370447,25-34,unknown,0.009747
2488518991370447,45-54,male,0.10992
2488518991370447,25-34,male,0.210767
2488518991370447,65+,female,0.033666
2488518991370447,45-54,female,0.036215
2488518991370447,18-24,male,0.046487
2488518991370447,65+,male,0.071455
2488518991370447,25-34,female,0.093124
2488518991370447,55-64,male,0.084652
2488518991370447,18-24,female,0.029767
2488518991370447,45-54,unknown,0.001725
384935179103397,35-44,female,0.064382
384935179103397,18-24,male,0.074514
384935179103397,35-44,unknown,0.005711
384935179103397,65+,unknown,0.001474
384935179103397,45-54,unknown,0.002026
384935179103397,18-24,female,0.076817
384935179103397,55-64,unknown,0.000921
384935179103397,25-34,unknown,0.009211
384935179103397,55-64,female,0.026066
384935179103397,25-34,female,0.132081
384935179103397,65+,male,0.046053
384935179103397,45-54,male,0.088054
384935179103397,55-64,male,0.054435
384935179103397,65+,female,0.023579
384935179103397,35-44,male,0.133554
384935179103397,45-54,female,0.032698
384935179103397,25-34,male,0.224832
384935179103397,18-24,unknown,0.003592
392834371628717,25-34,male,0.181844
392834371628717,65+,female,0.049484
392834371628717,65+,unknown,0.004913
392834371628717,45-54,unknown,0.002848
392834371628717,35-44,unknown,0.007191
392834371628717,18-24,female,0.022998
392834371628717,25-34,unknown,0.011748
392834371628717,45-54,female,0.041509
392834371628717,55-64,unknown,0.002848
392834371628717,65+,male,0.101744
392834371628717,55-64,female,0.041011
392834371628717,18-24,male,0.035386
392834371628717,35-44,male,0.154076
392834371628717,35-44,female,0.061944
392834371628717,45-54,male,0.099608
392834371628717,55-64,male,0.086294
392834371628717,25-34,female,0.091207
392834371628717,18-24,unknown,0.003346
403167093940557,25-34,male,0.237244
403167093940557,25-34,unknown,0.009998
403167093940557,45-54,unknown,0.002645
403167093940557,65+,unknown,0.001548
403167093940557,65+,male,0.037864
403167093940557,35-44,unknown,0.004515
403167093940557,18-24,unknown,0.004064
403167093940557,55-64,female,0.024447
403167093940557,55-64,male,0.03896
403167093940557,35-44,male,0.13707
403167093940557,18-24,male,0.0676
403167093940557,35-44,female,0.079017
403167093940557,45-54,female,0.03838
403167093940557,65+,female,0.02535
403167093940557,45-54,male,0.0676
403167093940557,25-34,female,0.161775
403167093940557,18-24,female,0.060827
403167093940557,55-64,unknown,0.001097
526885114550449,45-54,male,0.081717
526885114550449,45-54,female,0.026022
526885114550449,18-24,unknown,0.011085
526885114550449,45-54,unknown,0.003312
526885114550449,55-64,female,0.021291
526885114550449,65+,unknown,0.003312
526885114550449,65+,female,0.024535
526885114550449,35-44,unknown,0.008111
526885114550449,35-44,female,0.04657
526885114550449,18-24,male,0.092869
526885114550449,25-34,female,0.079284
526885114550449,25-34,unknown,0.023995
526885114550449,55-64,male,0.048462
526885114550449,18-24,female,0.029605
526885114550449,65+,male,0.050896
526885114550449,25-34,male,0.2878
526885114550449,35-44,male,0.159649
526885114550449,55-64,unknown,0.001487
592345841498066,45-54,male,0.122392
592345841498066,65+,female,0.022268
592345841498066,65+,unknown,0.002858
592345841498066,45-54,unknown,0.003397
592345841498066,55-64,unknown,0.002103
592345841498066,18-24,male,0.033483
592345841498066,45-54,female,0.033267
592345841498066,18-24,unknown,0.003505
592345841498066,25-34,unknown,0.011269
592345841498066,55-64,male,0.089448
592345841498066,25-34,female,0.093654
592345841498066,18-24,female,0.026527
592345841498066,35-44,female,0.062274
592345841498066,65+,male,0.071386
592345841498066,35-44,male,0.181431
592345841498066,25-34,male,0.209576
592345841498066,55-64,female,0.02464
592345841498066,35-44,unknown,0.006524
668285373680434,35-44,unknown,0.00777
668285373680434,45-54,male,0.111986
668285373680434,25-34,unknown,0.009324
668285373680434,55-64,female,0.034911
668285373680434,25-34,female,0.105045
668285373680434,18-24,male,0.03315
668285373680434,35-44,male,0.154874
668285373680434,18-24,female,0.033979
668285373680434,45-54,female,0.041127
668285373680434,55-64,unknown,0.002797
668285373680434,65+,female,0.036051
668285373680434,65+,male,0.082358
668285373680434,25-34,male,0.177561
668285373680434,35-44,female,0.07521
668285373680434,55-64,male,0.084844
668285373680434,45-54,unknown,0.003108
668285373680434,18-24,unknown,0.003315
668285373680434,65+,unknown,0.00259
749492122159868,55-64,male,0.052964
749492122159868,18-24,unknown,0.005914
749492122159868,45-54,unknown,0.002891
749492122159868,65+,unknown,0.001774
749492122159868,35-44,unknown,0.006374
749492122159868,65+,female,0.024642
749492122159868,25-34,unknown,0.015311
749492122159868,18-24,female,0.059206
749492122159868,55-64,female,0.023393
749492122159868,45-54,male,0.085885
749492122159868,35-44,female,0.056183
749492122159868,65+,male,0.051846
749492122159868,18-24,male,0.082337
749492122159868,25-34,male,0.244316
749492122159868,25-34,female,0.108293
749492122159868,35-44,male,0.150808
749492122159868,45-54,female,0.026416
749492122159868,55-64,unknown,0.001446
950133612008135,55-64,unknown,0.001769
950133612008135,65+,male,0.068664
950133612008135,18-24,unknown,0.001873
950133612008135,65+,unknown,0.002601
950133612008135,65+,female,0.038806
950133612008135,25-34,unknown,0.009051
950133612008135,55-64,male,0.083021
950133612008135,18-24,female,0.031731
950133612008135,45-54,female,0.037037
950133612008135,35-44,male,0.168539
950133612008135,25-34,male,0.202247
950133612008135,45-54,male,0.116313
950133612008135,35-44,female,0.062526
950133612008135,35-44,unknown,0.004994
950133612008135,18-24,male,0.047545
950133612008135,55-64,female,0.036725
950133612008135,25-34,female,0.083229
950133612008135,45-54,unknown,0.003329
1124568967933338,45-54,unknown,0.000455
1124568967933338,55-64,female,0.081401
1124568967933338,25-34,unknown,0.006821
1124568967933338,35-44,unknown,0.006821
1124568967933338,18-24,male,0.011824
1124568967933338,18-24,female,0.011369
1124568967933338,65+,male,0.105048
1124568967933338,65+,female,0.099591
1124568967933338,25-34,female,0.088222
1124568967933338,18-24,unknown,0.000455
1124568967933338,45-54,male,0.1005
1124568967933338,35-44,female,0.104138
1124568967933338,25-34,male,0.086403
1124568967933338,55-64,male,0.093224
1124568967933338,45-54,female,0.080946
1124568967933338,35-44,male,0.115962
1124568967933338,65+,unknown,0.004093
1124568967933338,55-64,unknown,0.002729
2285900411634862,25-34,male,0.267751
2285900411634862,65+,unknown,0.001914
2285900411634862,35-44,unknown,0.003636
2285900411634862,25-34,unknown,0.008995
2285900411634862,45-54,unknown,0.002105
2285900411634862,18-24,female,0.055885
2285900411634862,55-64,unknown,0.001722
2285900411634862,55-64,male,0.04555
2285900411634862,18-24,male,0.076938
2285900411634862,35-44,male,0.143732
2285900411634862,55-64,female,0.019904
2285900411634862,45-54,female,0.028517
2285900411634862,45-54,male,0.075024
2285900411634862,25-34,female,0.130335
2285900411634862,65+,male,0.052823
2285900411634862,65+,female,0.024115
2285900411634862,35-44,female,0.056268
2285900411634862,18-24,unknown,0.004785
2430576973936391,25-34,female,0.106229
2430576973936391,55-64,male,0.072868
2430576973936391,65+,unknown,0.004132
2430576973936391,45-54,unknown,0.00252
2430576973936391,35-44,unknown,0.004636
2430576973936391,25-34,unknown,0.008668
2430576973936391,45-54,female,0.040314
2430576973936391,55-64,female,0.03467
2430576973936391,45-54,male,0.090002
2430576973936391,65+,male,0.078815
2430576973936391,65+,female,0.042935
2430576973936391,18-24,female,0.055634
2430576973936391,35-44,male,0.121246
2430576973936391,35-44,female,0.05513
2430576973936391,18-24,male,0.07045
2430576973936391,18-24,unknown,0.003024
2430576973936391,25-34,male,0.206511
2430576973936391,55-64,unknown,0.002217
3031217626905412,45-54,male,0.078987
3031217626905412,45-54,female,0.029643
3031217626905412,65+,unknown,0.003495
3031217626905412,45-54,unknown,0.003586
3031217626905412,35-44,unknown,0.011031
3031217626905412,18-24,female,0.020019
3031217626905412,65+,male,0.052249
3031217626905412,35-44,female,0.055064
3031217626905412,55-64,female,0.029507
3031217626905412,35-44,male,0.172954
3031217626905412,18-24,male,0.065414
3031217626905412,55-64,unknown,0.001362
3031217626905412,25-34,unknown,0.021699
3031217626905412,55-64,male,0.05411
3031217626905412,25-34,female,0.080485
3031217626905412,65+,female,0.02987
3031217626905412,25-34,male,0.284398
3031217626905412,18-24,unknown,0.006128
399398367373005,55-64,unknown,0.002644
399398367373005,35-44,female,0.062349
399398367373005,45-54,unknown,0.002351
399398367373005,18-24,unknown,0.00094
399398367373005,35-44,unknown,0.00429
399398367373005,45-54,female,0.06135
399398367373005,25-34,female,0.051478
399398367373005,18-24,female,0.010989
399398367373005,65+,male,0.12558
399398367373005,35-44,male,0.125228
399398367373005,45-54,male,0.123876
399398367373005,25-34,unknown,0.00523
399398367373005,55-64,female,0.077334
399398367373005,18-24,male,0.022977
399398367373005,65+,female,0.085561
399398367373005,55-64,male,0.122113
399398367373005,25-34,male,0.112064
399398367373005,65+,unknown,0.003643
441126633421088,35-44,male,0.116241
441126633421088,25-34,female,0.205065
441126633421088,55-64,unknown,0.000896
441126633421088,35-44,unknown,0.004258
441126633421088,45-54,unknown,0.001793
441126633421088,55-64,female,0.036232
441126633421088,18-24,unknown,0.003212
441126633421088,25-34,unknown,0.009338
441126633421088,65+,male,0.028388
441126633421088,45-54,female,0.051472
441126633421088,35-44,female,0.108173
441126633421088,18-24,female,0.067907
441126633421088,45-54,male,0.062154
441126633421088,18-24,male,0.049828
441126633421088,65+,female,0.032497
441126633421088,25-34,male,0.186165
441126633421088,55-64,male,0.034812
441126633421088,65+,unknown,0.001569
509703566259009,55-64,unknown,0.001292
509703566259009,35-44,female,0.083091
509703566259009,25-34,unknown,0.008317
509703566259009,45-54,unknown,0.003149
509703566259009,45-54,female,0.043605
509703566259009,65+,male,0.059997
509703566259009,35-44,unknown,0.005975
509703566259009,65+,female,0.029554
509703566259009,55-64,male,0.074047
509703566259009,18-24,unknown,0.001453
509703566259009,18-24,male,0.031977
509703566259009,18-24,female,0.021156
509703566259009,55-64,female,0.034641
509703566259009,25-34,female,0.097868
509703566259009,35-44,male,0.181605
509703566259009,25-34,male,0.197755
509703566259009,45-54,male,0.122578
509703566259009,65+,unknown,0.001938
516909532433922,65+,unknown,0.003567
516909532433922,55-64,female,0.032468
516909532433922,18-24,male,0.030913
516909532433922,35-44,unknown,0.007865
516909532433922,25-34,male,0.187123
516909532433922,18-24,female,0.020121
516909532433922,55-64,male,0.084233
516909532433922,45-54,male,0.128956
516909532433922,65+,male,0.08158
516909532433922,55-64,unknown,0.002469
516909532433922,35-44,male,0.178983
516909532433922,45-54,female,0.040607
516909532433922,35-44,female,0.059722
516909532433922,25-34,female,0.080849
516909532433922,65+,female,0.042436
516909532433922,18-24,unknown,0.002652
516909532433922,45-54,unknown,0.002927
516909532433922,25-34,unknown,0.01253
522871371861438,65+,unknown,0.000698
522871371861438,65+,female,0.013412
522871371861438,25-34,unknown,0.013179
522871371861438,55-64,unknown,0.000388
522871371861438,55-64,male,0.011319
522871371861438,45-54,unknown,0.001628
522871371861438,18-24,unknown,0.004031
522871371861438,55-64,female,0.013179
522871371861438,18-24,male,0.058144
522871371861438,35-44,female,0.102411
522871371861438,45-54,female,0.029847
522871371861438,65+,male,0.011319
522871371861438,25-34,male,0.203582
522871371861438,35-44,male,0.0921
522871371861438,45-54,male,0.034576
522871371861438,25-34,female,0.289945
522871371861438,18-24,female,0.116753
522871371861438,35-44,unknown,0.003489
